station_code,longitude,latitude,station_name
DBRG,94.9352579102,27.4636065659,DIBRUGARH
CHB,95.1720581342,27.481420709,CHABUA
NTSK,95.334128,27.479748,NEW TINSUKIA JN
DJG,95.306952,27.367712,DULIAJAN
NHK,95.329775,27.289403,NAHARKATIYA
NAM,95.313642,27.19627,NAMRUP
BOJ,95.032406,27.0635982,BHOJO
SLGR,94.756816,26.917281,SIMALUGURI JN
AGI,94.524011,26.812601,AMGURI
MXN,94.308203,26.652435,MARIANI JN
FKG,94.002692,26.465652,FURKATING JN
BXP,93.899672,26.274562,BARPATHAR
SZR,93.862021,26.195595,SARUPATHAR
DMV,93.727816,25.905702,DIMAPUR
DPU,93.438384,25.83725,DIPHU
LMG,93.1766,25.750036,LUMDING JN
LKA,92.958001,25.914426,LANKA
HJI,92.851752,26.001794,HOJAI
KWM,92.6577872687,26.1606011328,KAMPUR
CPK,92.511718,26.202272,CHAPARMUKH JN
GHY,91.751851,26.182635,GUWAHATI
KYQ,91.689505,26.156154,KAMAKHYA
RNY,91.605929,26.447901,RANGIYA JN
NLV,91.440291,26.450629,NALBARI
TIHU,91.267699,26.471321,TIHU
PBL,91.176255,26.497475,PATHSALA
SPQ,91.0760593414,26.4996888512,SORUPETA
BPRD,90.9639649,26.5028473,BARPETA ROAD
SBE,90.888281,26.494286,SORBHOG JN
BJF,90.707827,26.497967,BIJNI
BNGN,90.560548,26.478293,BONGAIGAON
NBQ,90.5368434644,26.4758354405,NEW BONGAIGAON
KOJ,90.274125,26.405057,KOKRAJHAR
FKM,90.186189,26.365237,FAKIRAGRAM JN
GOGH,89.9715891956,26.4291071597,GOSSAIGAON HAT
KAMG,89.721829,26.484168,KAMAKHYAGURI
NOQ,89.541398,26.48572,NEW ALIPURDAUR
NCB,89.469766,26.353159,NEW COOCH BEHAR
FLK,89.1922748828,26.5383964616,FALAKATA
DQG,88.994973,26.573532,DHUPGURI
NMX,88.822868,26.578607,NEW MAYNAGURI
JPE,88.709453,26.559017,JALPAIGURI ROAD
NJP,88.443391,26.683025,NEW JALPAIGURI
AUB,88.18561,26.269681,ALUABARI ROAD
KNE,87.949657,26.097746,KISHANGANJ
BOE,87.9229421,25.6512422,BARSOI JN
HCR,87.867051,25.403999,HARISCHANDRPUR
SM,88.009757,25.276197,SAMSI
MLDT,88.130338,25.015659,MALDA TOWN
NFK,87.915236,24.794558,NEW FARAKKA JN
DGLE,87.937644,24.672086,DHULIAN GANGA
NILE,88.00764,24.625338,NIMTITA
JRLE,88.04076,24.459515,JANGIPUR ROAD
AZ,88.256764,24.219053,AZIMGANJ JN
KGLE,88.226481,24.106842,KHAGRAGHAT ROAD
SALE,88.111097,23.774579,SALAR
KWAE,88.124085,23.640315,KATWA
NDAE,88.356472,23.396593,NABADWIP DHAM
ABKA,88.353984,23.211377,AMBIKA KALNA
BDC,88.3793623,22.9236565,BANDEL JN
HWH,88.340999,22.584078,HOWRAH JN
JID,92.197461,26.126114,JAGI ROAD
BXJ,93.779466,26.018426,BOKAJAN
JTTN,94.217106,26.750692,JORHAT TOWN
JMK,92.741306,26.108194,JAMUNAMUKH
MYD,93.123109,25.707319,MANDERDISA
HTL,93.090848,25.61107,HATIKHALI
DBLG,93.085623,25.595283,DIBLONG
LGT,93.110265,25.49759,LANGTING
DKE,93.126587,25.427907,DIHAKHO
MUPA,93.122747,25.368686,MUPA
KQI,93.13312,25.339051,KALACHAND
MBG,93.135371,25.30497,MAIBANG
WDA,93.177527,25.263973,WADRENGDISA
DJA,93.162162,25.227501,DAOTUHAJA
PDJ,93.14983,25.221835,PHIDING
MXR,93.126299,25.187996,MAHUR
MGE,93.061557,25.171242,MIGRENDISA
NHLG,93.032239,25.1483324,NEW HAFLONG
JGLP,92.950867,25.111219,JATINGA LUMPUR
NHGJ,92.868056,25.112778,NEW HARANGAJAO
DTC,92.798715,25.090538,DITOKCHERRA
BXK,92.800717,25.069785,BANDARKHAL
DCA,92.749675,25.012661,DAMCHARA
CNE,92.716658,24.984962,CHANDRANATHPUR
BHZ,92.689054,24.9628178,BIHARA
HLX,92.620511,24.951767,HILARA
SQF,92.582849,24.913078,SUKRITIPUR
BPB,92.5563227,24.8651775,BADARPUR JN
KTX,92.627067,24.83436,KATAKHAL JN
SCA,92.671939,24.827278,SALCHAPRA
SCL,92.786795,24.830338,SILCHAR
GLPT,90.620659,26.126535,GOALPARA TOWN
RPH,87.782147,24.179797,RAMPUR HAT
SNT,87.681205,23.949741,SAINTHIA
BHP,87.698136,23.657804,BOLPUR S NIKTN
BWN,87.870281,23.249718,BARDDHAMAN JN
KIR,87.566409,25.548947,KATIHAR JN
NNA,87.09387,25.385261,NAUGACHIA
MNE,86.554446,25.509398,MANSI JN
BJU,85.988748,25.461768,BARAUNI JN
PPTA,85.068505,25.621426,PATLIPUTRA
DNR,85.044629,25.581921,DANAPUR
DDU,83.11925,25.278149,PT DEEN DAYAL UPADHYAY JN
SFG,81.789897,25.439879,SUBEDARGANJ
PRYJ,81.828816,25.446241,PRAYAGRAJ JN
CNB,80.350966,26.45424,KANPUR CENTRAL
NDLS,77.220004,28.642314,NEW DELHI
THB,86.934758,25.393571,THANA BIHPUR JN
KGG,86.465251,25.505891,KHAGARIA JN
BGS,86.134476,25.425296,BEGU SARAI
NBJU,85.988056,25.462222,NEW BARAUNI JN
MKA,85.913049,25.391885,MOKAMEH JN
BARH,85.709426,25.46165,BARH
BKP,85.529564,25.45611,BAKHTIYARPUR JN
PNC,85.230942,25.585856,PATNA SAHEB
PNBE,85.136824,25.60256,PATNA JN
ARA,84.662596,25.548889,ARA JN
DURE,84.143865,25.571984,DUMRAON
BXR,83.982184,25.562067,BUXAR
DLN,83.668324,25.419424,DILDARNAGAR JN
MZP,82.569869,25.13435,MIRZAPUR
BDL,82.5020212,25.1607717,VINDHYACHAL
PCOI,81.8672,25.3767,PRAYAGRAJ CHHEOKI
STA,80.827717,24.568619,SATNA
KTE,80.400543,23.833385,KATNI
JBP,79.950919,23.164636,JABALPUR
PPI,78.354538,22.753941,PIPARIYA
ET,77.767128,22.608258,ITARSI JN
HD,77.10084,22.338414,HARDA
KNW,76.353227,21.823596,KHANDWA
BAU,76.1986787,21.3343976,BURHANPUR
BSL,75.7886717,21.0472812,BHUSAVAL JN
MMR,74.438305,20.249887,MANMAD JN
NK,73.841897,19.947627,NASIK ROAD
KYN,73.12974,19.234716,KALYAN JN
TNA,72.975417,19.185757,THANE
LTT,72.891739,19.07032,LOKMANYATILAK T
DLI,77.228356,28.661816,DELHI
ALJN,78.074559,27.889584,ALIGARH JN
TDL,78.233285,27.207747,TUNDLA JN
SKB,78.574955,27.085686,SHIKOHABAD JN
KIUL,86.106198,25.171504,KIUL JN
AHA,86.3230724591,25.2159864584,ABHAIPUR
JMP,86.492285,25.313906,JAMALPUR JN
SGG,86.736175,25.24085,SULTANGANJ
BGP,86.9767918,25.2419093,BHAGALPUR
CLG,87.2337518945,25.2621879424,KAHALGAON
PPT,87.4218244568,25.2903753934,PIRPAINTI
SBG,87.634577,25.241392,SAHIBGANJ JN
BHW,87.774493,24.857748,BARHARWA JN
KDKN,91.63681,26.374067,KENDUKANA
SRI,87.8375132959,25.6156715055,SALMARI
FTP,80.801869,25.917489,FATEHPUR
ETW,79.021502,26.78597,ETAWAH
GZB,77.431099,28.649702,GHAZIABAD
ANVT,77.31521255,28.6505035654,ANAND VIHAR TRM
LXA,94.8439823962,27.0046370183,LAKSWA
DGU,91.977861,26.173306,DIGARU
DLK,87.838877,25.873416,DALKOLHA
AZR,87.8523278357,25.5555556424,AZAMNAGAR ROAD
LAV,87.7451403217,25.4396467554,LABHA
NNR,86.859388,25.398348,NARAYANPUR
DSS,85.8414652,25.6647486,DALSINGH SARAI
SPJ,85.78736,25.858304,SAMASTIPUR JN
DOL,85.562495,25.976952,DHOLI
MFP,85.378006,26.122311,MUZAFFARPUR JN
HJP,85.2155,25.702909,HAJIPUR JN
SEE,85.166851,25.696849,SONPUR JN
CPR,84.725004,25.78832,CHHAPRA
EKMA,84.53637,25.967099,EKMA
SV,84.359267,26.210724,SIWAN JN
MW,84.151979,26.240309,MAIRWA
BHTR,84.0331014,26.3104766,BHATPAR RANI
BTT,83.934035,26.381257,BHATNI JN
DEOS,83.7819590961,26.5076811676,DEORIA SADAR
GKP,83.381499,26.759311,GORAKHPUR JN
KLD,83.055073,26.77453,KHALILABAD
BST,82.770059,26.815678,BASTI
MUR,82.227648,27.039058,MANKAPUR JN
GD,81.978152,27.154613,GONDA JN
BBK,81.18104,26.935335,BARABANKI JN
LKO,80.925291,26.830675,LUCKNOW NR
BLM,80.352497,27.167363,BALAMU JN
HRI,80.147877,27.399414,HARDOI
SPN,79.904605,27.894224,SHAHJEHANPUR
BE,79.4108444,28.3371543,BAREILLY
RMU,79.023419,28.778863,RAMPUR
MB,78.765801,28.831621,MORADABAD
AMRO,78.474329,28.892688,AMROHA
KHE,78.180192128,28.8013612636,KANKATHER
GMS,78.073508,28.781743,GARHMUKTESAR
HPU,77.779576,28.739613,HAPUR
PKW,77.668008,28.712335,PILKHUA
DKZ,77.201256,28.664732,DELHI KISHANGNJ
SSB,77.1299115857,28.6802273287,SHAKURBASTI
NNO,77.056966,28.686261,NANGLOI
BGZ,76.930886,28.700863,BAHADURGARH
ROK,76.57955,28.890904,ROHTAK JN
JIND,76.289617,29.328876,JIND JN
NRW,76.109286,29.588632,NARWANA JN
TUN,75.904581,29.7266,TOHANA
JHL,75.8245009833,29.8018131127,JAKHAL JN
BRZ,75.6924026,29.8593339,BARETA
BLZ,75.5496866,29.9217422,BUDHLADA
MSZ,75.402584,29.989695,MANSA
MAUR,75.22772,30.062746,MAUR
BTI,74.932083,30.209488,BHATINDA JN
MBY,74.700155,29.966227,MANDI DABWALI
SGRA,74.466053,29.792508,SANGARIA
HMH,74.297633,29.614904,HANUMANGARH JN
PGK,74.079282,29.483825,PILI BANGAN
SOG,73.907248,29.324152,SURATGARH JN
MHJ,73.853666,28.793007,MAHAJAN
LKS,73.743155,28.493395,LUNKARANSAR
LGH,73.313909,28.043638,LALGARH JN
