Date,DBRG,NTSK,MXN,FKG,DMV,DPU,LMG,CPK,GHY,RNY,NBQ,KOJ,NCB,NJP,KNE,KIR,NNA,MNE,BJU,PPTA,DNR,DDU,SFG,PRYJ,CNB,NDLS
2025-03-22,2,0,20,,0,,24,29,23,8,19,25,36,10,6,1,3,7,13,0,3,0,,9.0,9,-6
2025-03-23,0,12,54,,36,,44,48,33,23,13,24,35,23,19,0,2,5,21,0,4,6,,6.0,8,-4
2025-03-24,0,2,29,,10,,19,24,19,9,39,48,71,50,45,20,21,24,31,0,3,0,,0.0,0,-5
2025-03-25,0,0,11,,13,,18,25,51,46,44,56,57,32,28,12,17,18,41,0,4,2,,2.0,2,-11
2025-03-26,1,3,19,,8,,18,21,37,34,41,91,117,141,144,122,119,122,125,86,87,65,,60.0,69,50
2025-03-27,0,0,10,,2,,11,14,6,0,0,12,13,0,2,0,2,2,16,0,4,94,,95.0,96,128
2025-03-28,0,4,15,,9,,12,4,7,0,0,15,18,5,5,2,4,2,3,0,1,113,,125.0,139,169
2025-03-29,0,0,17,,1,,12,12,3,3,1,8,13,3,9,19,20,57,68,31,33,241,,246.0,251,240
2025-03-30,0,4,16,,0,,14,22,6,0,0,12,13,0,0,0,11,16,25,0,14,1,,0.0,2,13
2025-03-31,1,3,81,,57,,65,61,64,62,53,65,76,65,59,27,30,38,41,2,4,0,,0.0,0,-14
2025-04-01,0,0,6,,12,,19,46,45,43,34,41,39,19,12,0,2,8,10,0,3,2,,5.0,17,8
2025-04-02,0,0,27,,15,,16,21,10,7,0,14,23,7,7,0,2,10,28,0,6,1,,0.0,2,4
2025-04-03,0,0,5,,1,,7,13,9,1,3,22,23,16,13,0,2,8,13,0,7,0,,11.0,17,-1
2025-04-04,2,4,21,,1,,2,1,0,0,0,15,21,2,6,2,4,23,31,1,9,0,,0.0,3,-15
2025-04-05,0,0,16,,20,,31,37,22,23,19,39,40,18,22,3,16,35,47,0,6,1,,0.0,4,-12
2025-04-06,0,0,53,,36,,38,34,38,44,39,53,54,40,47,25,23,38,52,32,45,9,,1.0,0,-6
2025-04-07,0,0,8,,8,,3,0,0,0,0,21,19,0,8,0,28,45,59,63,65,50,,42.0,44,42
2025-04-08,0,0,11,,15,,14,26,16,18,10,22,20,0,0,0,6,24,85,123,120,123,,133.0,132,118
2025-04-09,0,17,12,,13,,13,16,23,12,0,32,55,33,35,0,11,33,53,25,28,2,,34.0,33,0
2025-04-10,1,1,17,,23,,32,41,37,27,16,34,37,19,18,0,2,9,39,1,4,23,,35.0,37,5
2025-04-11,1,0,8,,1,,0,0,2,0,6,34,43,14,15,0,5,14,19,1,3,1,,4.0,18,-3
2025-04-12,1,1,1,,1,,1,8,69,70,68,81,82,55,52,26,27,38,39,0,3,1,,0.0,1,11
2025-04-13,0,5,18,,2,,7,8,5,2,0,14,18,1,8,4,11,16,33,0,2,0,,1.0,2,13
2025-04-14,0,7,13,,5,,13,13,8,3,1,16,21,3,2,1,4,14,21,0,3,1,,8.0,7,4
2025-04-15,2,3,0,,0,,3,15,3,2,0,26,23,4,10,0,2,10,14,0,3,1,,0.0,10,-8
2025-04-16,0,26,56,,51,,55,54,44,38,32,58,61,50,49,24,23,34,51,22,29,6,,20.0,21,5
2025-04-17,1,1,49,,31,,36,42,38,37,22,43,52,25,22,11,19,25,44,8,10,1,,1.0,3,-7
2025-04-18,1,4,8,,17,,14,14,19,10,0,22,27,11,16,0,2,10,25,0,1,0,,0.0,0,2
2025-04-19,0,4,5,,8,,14,13,15,5,0,22,23,12,7,0,1,7,18,0,5,3,,1.0,1,-6
2025-04-20,0,6,6,,0,,7,2,5,13,2,21,23,12,9,5,6,22,41,1,3,0,,3.0,9,-2
2025-04-21,46,41,67,,56,,60,54,89,81,85,114,113,84,102,84,88,102,121,91,96,78,,88.0,87,58
2025-04-22,2,0,1,,1,,4,13,5,6,4,21,19,0,11,0,4,14,35,1,5,18,,15.0,12,1
2025-04-23,1,8,67,,53,,64,56,41,39,38,57,65,43,43,30,36,50,63,23,25,60,,82.0,88,57
2025-04-24,1,0,3,,10,,5,10,5,2,2,25,25,10,6,0,2,7,24,0,10,10,,10.0,16,-3
2025-04-25,0,53,44,,32,,26,23,34,34,18,38,52,38,34,10,11,14,21,0,3,0,,0.0,11,1
2025-04-26,0,0,1,,0,,8,14,9,1,0,21,20,16,16,0,4,4,7,0,2,0,,4.0,1,-17
2025-04-27,0,7,10,,6,,5,5,8,2,0,16,13,0,4,0,2,26,34,0,2,1,,1.0,11,13
2025-04-28,1,0,26,,10,,10,9,6,3,0,20,18,3,4,0,2,3,115,97,99,87,,96.0,99,76
2025-04-29,1,0,7,,16,,17,38,24,24,4,27,26,1,0,0,2,8,25,18,21,4,,13.0,14,-11
2025-04-30,1,1,8,,3,,9,9,13,24,4,17,20,0,0,0,14,20,51,28,31,13,,14.0,10,22
2025-05-01,1,1,11,,7,,9,40,46,49,26,47,62,29,23,6,12,21,46,9,9,4,,84.0,89,78
2025-05-02,1,8,6,,1,,3,6,5,9,0,12,19,15,12,0,10,23,24,0,2,0,,0.0,1,0
2025-05-03,1,1,6,,4,,0,3,4,5,0,12,17,0,8,1,16,31,46,5,12,1,,3.0,6,4
2025-05-04,28,30,20,,15,,9,23,13,18,1,14,16,0,0,0,2,10,34,0,2,7,,3.0,6,-7
2025-05-05,0,1,19,,2,,3,4,1,17,1,20,22,0,1,0,2,12,41,11,15,6,,11.0,17,12
2025-05-06,1,1,0,,0,,6,7,2,5,2,18,19,1,8,5,11,26,29,1,6,18,,27.0,34,9
2025-05-07,0,4,5,,4,,4,7,147,156,133,149,152,136,132,127,129,140,158,118,117,126,,133.0,132,147
2025-05-08,1,5,14,,7,,15,16,21,26,5,25,35,20,19,4,5,17,13,2,12,0,,10.0,20,-6
2025-05-09,0,11,23,,22,,23,32,39,40,30,44,62,23,26,1,13,17,25,0,13,2,,0.0,4,-10
2025-05-10,0,1,0,,5,,9,20,21,21,0,15,24,4,1,0,2,8,20,0,3,0,,4.0,7,-2
2025-05-11,1,1,4,,0,,4,10,14,16,2,18,38,0,0,0,2,2,11,0,3,0,,0.0,15,-13
2025-05-12,0,0,0,,0,,6,16,7,11,7,28,38,0,10,0,2,5,27,5,33,9,,19.0,22,8
2025-05-13,3,3,1,,0,,5,22,24,29,14,30,46,14,11,0,3,6,23,1,4,5,,10.0,16,13
2025-05-14,0,0,5,,6,,8,17,17,17,2,21,34,4,4,0,6,7,29,11,14,19,,24.0,25,-6
2025-05-15,1,1,17,,13,,8,18,5,5,2,15,24,15,17,0,6,9,36,0,2,0,,5.0,14,0
2025-05-16,1,3,2,,0,,1,18,7,13,4,15,23,0,1,0,7,10,10,0,2,6,,4.0,3,-1
2025-05-17,1,1,15,,1,,6,12,11,12,0,12,24,0,2,0,4,7,39,0,14,0,,0.0,2,-6
2025-05-18,0,0,3,,18,,14,22,9,8,1,14,23,0,0,0,0,28,43,13,19,1,,2.0,1,-9
2025-05-19,1,0,8,,12,,17,23,19,23,7,16,27,0,142,128,136,155,185,158,176,180,,213.0,230,208
2025-05-20,1,0,5,,14,,15,35,23,22,8,19,26,0,7,0,4,24,45,0,10,8,,11.0,74,78
2025-05-21,0,0,11,,1,,1,16,15,15,3,16,26,0,0,0,8,28,43,1,10,0,,6.0,24,-2
2025-05-22,0,0,0,,1,,6,13,11,13,1,6,18,0,2,0,1,14,94,53,62,24,,29.0,42,11
2025-05-23,0,0,21,,6,,5,3,0,4,0,5,19,1,1,0,2,3,29,0,6,11,,13.0,24,5
2025-05-24,1,0,5,,1,,0,10,2,0,0,5,28,1,0,2,3,16,30,0,5,0,,1.0,6,10
2025-05-25,1,12,64,,75,,76,78,92,90,67,71,83,53,51,35,40,49,52,24,25,16,,22.0,27,14
2025-05-26,0,0,13,,14,,17,11,8,8,0,8,18,0,1,0,1,21,48,11,15,0,,7.0,18,7
2025-05-27,0,8,26,,18,,25,22,19,21,1,4,14,0,1,0,7,17,35,19,46,19,,26.0,29,9
2025-05-28,1,1,18,,11,,12,11,1,16,1,6,16,0,4,0,11,16,48,21,26,13,,15.0,18,-1
2025-05-29,1,0,17,,4,,8,12,0,1,1,9,26,4,5,1,9,33,63,27,37,5,,21.0,22,3
2025-05-30,1,3,18,,9,,14,14,16,18,10,12,24,1,1,12,10,21,38,0,9,0,,3.0,2,10
2025-05-31,0,1,5,,9,,6,7,15,20,1,5,19,0,2,5,11,16,42,2,5,0,,6.0,18,11
2025-06-01,2,11,26,,27,,42,37,37,42,19,23,50,14,10,1,0,16,36,3,5,1,,10.0,7,11
2025-06-02,1,16,10,,28,,28,28,26,28,4,17,36,1,1,0,2,8,39,0,4,5,,11.0,31,38
2025-06-03,1,13,39,,39,,47,43,30,31,9,14,26,0,2,0,1,19,29,23,25,5,,6.0,6,3
2025-06-04,0,5,9,,4,,1,6,8,10,0,8,21,0,7,8,8,20,49,13,20,3,,11.0,12,-5
2025-06-05,0,5,27,,6,,12,17,16,19,2,4,32,1,16,1,2,5,50,4,10,11,,20.0,20,0
2025-06-06,3,1,13,,11,,10,3,11,10,0,1,8,4,0,0,3,3,11,0,4,0,,1.0,8,-8
2025-06-07,2,0,11,,10,,18,19,9,16,1,3,14,0,1,3,16,20,46,3,6,3,,5.0,18,-8
2025-06-08,0,0,10,,0,,1,1,13,19,0,3,12,0,20,6,3,9,27,0,2,0,,7.0,15,-2
2025-06-09,0,0,3,,9,,5,1,0,5,0,0,10,0,0,0,2,2,22,0,13,0,,15.0,22,-2
2025-06-10,0,10,16,,12,,18,17,16,16,0,2,10,0,7,1,2,6,22,1,2,1,,41.0,46,6
2025-06-11,0,14,25,,22,,18,21,4,0,3,7,11,0,0,5,4,15,56,40,45,15,,17.0,19,13
2025-06-12,0,6,8,,11,,7,8,9,10,0,11,19,0,4,0,12,18,40,4,7,0,,5.0,6,-15
2025-06-13,0,0,13,,25,,25,22,20,23,2,7,27,5,6,0,3,15,39,4,6,0,,4.0,11,16
2025-06-14,45,48,53,,40,,52,43,37,41,17,26,33,7,11,0,10,16,34,1,2,0,,51.0,126,195
2025-06-15,0,0,14,,9,,7,9,7,8,0,9,19,1,2,0,5,2,19,0,2,0,,14.0,19,6
2025-06-16,77,76,99,,102,,103,102,100,96,75,84,91,62,67,28,31,29,50,8,10,0,,0.0,8,12
2025-06-17,1,2,4,,0,,14,12,12,8,4,13,50,19,18,0,32,50,77,63,71,53,,71.0,68,94
2025-06-18,0,0,17,,3,,4,0,3,12,0,13,25,0,6,0,11,26,58,14,15,0,,0.0,3,5
2025-06-19,1,1,15,,21,,21,23,12,16,0,7,19,0,1,0,2,8,13,0,0,0,,16.0,22,-14
2025-06-20,0,11,9,,3,,8,6,2,8,1,11,24,1,1,1,6,11,23,0,0,0,,1.0,11,-15
2025-06-21,2,2,6,,11,,8,1,0,6,4,8,19,0,6,3,7,13,30,0,9,1,,0.0,0,10
2025-06-22,1,1,8,,8,,10,10,15,23,2,10,23,0,3,1,8,20,40,3,2,8,,10.0,13,9
2025-06-23,1,5,9,,1,,5,5,0,5,0,12,25,0,2,0,2,7,20,0,0,2,,11.0,20,12
2025-06-24,0,6,4,,8,,7,3,6,8,0,7,18,0,6,0,2,11,30,13,17,12,,18.0,18,-5
2025-06-25,1,0,5,,9,,5,0,7,6,0,4,24,1,1,3,11,25,35,0,0,0,,1.0,0,1
2025-06-26,1,5,18,,38,,43,41,26,25,4,11,23,0,0,0,5,18,40,1,0,1,,0.0,0,-9
2025-06-27,30,66,80,,104,,106,101,65,76,58,61,70,42,44,10,13,16,20,0,12,5,,16.0,37,17
2025-06-28,1,36,34,,32,,33,21,0,4,0,4,16,1,8,1,2,5,10,0,0,2,,7.0,3,4
2025-06-29,2,26,45,,45,,63,59,50,55,104,109,170,163,166,147,149,151,176,144,141,125,,150.0,162,160
2025-06-30,2,15,19,,13,,31,27,8,11,1,32,64,41,39,11,18,19,31,0,0,0,,2.0,5,12
2025-07-01,48,46,64,,48,,50,64,50,46,38,114,146,132,136,99,109,121,138,102,101,85,,80.0,74,49
2025-07-02,27,31,59,,67,,77,78,82,73,60,73,80,57,57,25,31,44,64,22,31,22,,26.0,23,13
2025-07-03,0,10,29,,31,,49,48,26,20,1,14,21,0,11,0,6,17,36,5,4,0,,10.0,10,2
2025-07-04,0,21,35,,48,,57,56,38,29,15,24,33,17,17,0,3,14,29,0,0,0,,5.0,10,6
2025-07-05,22,20,17,,9,,17,17,12,1,0,25,28,0,1,0,2,16,38,0,9,1,,8.0,5,7
2025-07-06,0,0,0,,16,,27,46,24,17,2,14,20,6,14,1,13,35,60,31,31,16,,20.0,17,13
2025-07-07,0,18,18,,8,,6,0,1,0,1,12,32,1,22,1,5,22,32,7,6,0,,7.0,6,11
2025-07-08,1,0,1,,3,,1,9,0,0,0,14,13,0,0,0,9,12,23,0,0,3,,2.0,2,0
2025-07-09,0,51,73,,58,,56,52,40,33,16,31,40,20,26,0,4,23,40,10,10,1,,1.0,1,-20
2025-07-10,0,8,17,,11,,9,14,1,0,0,17,27,1,1,0,2,12,24,0,0,0,,12.0,14,5
2025-07-11,1,4,0,,16,,30,31,10,3,1,17,21,0,0,0,3,5,15,0,2,1,,5.0,1,-3
2025-07-12,0,0,0,,2,,3,8,3,4,0,17,20,8,9,0,3,14,14,0,2,1,,9.0,5,-2
2025-07-13,1,13,39,,30,,30,25,2,0,1,12,12,1,0,0,3,22,73,32,34,14,,13.0,5,-1
2025-07-14,0,29,32,,13,,15,14,4,9,0,16,15,0,0,0,19,28,49,20,20,12,,17.0,14,3
2025-07-15,1,25,18,,15,,10,12,11,9,3,21,22,0,2,0,2,7,25,0,1,1,,7.0,1,11
2025-07-16,4,6,10,,0,,27,31,11,0,0,20,22,5,3,0,6,15,21,0,15,11,,3.0,11,7
2025-07-17,1,10,16,,5,5.0,14,9,6,0,0,10,21,0,0,0,0,5,9,0,0,0,,17.0,12,8
2025-07-18,1,12,20,,22,20.0,25,25,21,12,1,8,10,0,1,0,5,7,19,0,8,0,,2.0,5,-2
2025-07-19,0,2,0,,1,0.0,10,17,6,5,1,8,12,1,80,55,52,54,62,27,25,1,,1.0,0,-1
2025-07-20,1,4,8,,26,25.0,30,33,21,12,2,7,11,2,41,1,4,12,20,1,0,1,,0.0,1,3
2025-07-21,1,0,0,,0,6.0,13,18,5,6,0,7,14,0,8,0,2,3,12,3,3,1,,0.0,0,1
2025-07-22,2,7,5,,1,12.0,19,20,1,0,0,8,8,1,4,0,2,6,14,0,0,0,,1.0,8,10
2025-07-23,2,1,17,,7,7.0,20,27,12,1,1,14,20,21,33,0,0,5,0,1,2,0,,2.0,10,14
2025-07-24,0,8,15,,89,90.0,94,98,94,91,89,97,113,114,117,103,104,113,117,96,95,88,,81.0,91,67
2025-07-25,1,0,4,,6,1.0,4,9,0,2,1,14,22,14,15,0,1,2,11,1,1,0,,0.0,8,-7
2025-07-26,0,8,26,,21,23.0,29,22,0,0,0,13,36,4,4,0,2,2,6,0,1,1,,1.0,2,11
2025-07-27,0,13,31,,21,29.0,35,34,12,2,4,12,18,2,10,0,2,4,13,1,8,0,,0.0,1,47
2025-07-28,0,1,8,,0,0.0,5,6,0,0,4,10,16,1,9,0,2,0,17,0,0,1,,5.0,8,12
2025-07-29,6,18,16,,4,0.0,3,5,1,6,0,3,8,0,0,1,0,1,11,0,0,3,,1.0,7,10
2025-07-30,0,10,17,,16,18.0,26,21,6,0,0,6,16,2,1,0,2,2,26,0,0,0,,0.0,7,10
2025-07-31,1,0,6,,1,12.0,37,33,11,0,0,3,12,1,0,0,2,2,5,0,0,0,,10.0,79,125
2025-08-01,2,26,71,,58,57.0,64,55,30,24,6,9,15,0,1,1,2,12,9,0,13,1,,4.0,33,8
2025-08-02,6,30,23,,28,23.0,35,33,22,16,2,6,12,0,1,0,3,9,5,3,2,0,,8.0,22,2
2025-08-03,0,10,24,,65,63.0,67,73,60,48,32,37,44,26,25,0,2,13,35,3,8,19,,19.0,17,24
2025-08-04,0,0,12,,2,0.0,9,6,0,0,0,2,13,5,6,0,11,10,17,0,3,0,,10.0,11,11
2025-08-05,1,0,4,,1,0.0,19,23,8,5,0,12,25,4,12,0,2,3,8,0,13,2,,11.0,11,4
2025-08-06,1,9,32,,37,38.0,57,52,31,16,0,5,17,8,12,5,24,28,38,0,0,0,,0.0,4,12
2025-08-07,1,0,21,,4,7.0,10,10,0,0,0,3,9,0,4,0,4,10,18,0,4,0,,0.0,2,2
2025-08-08,0,18,14,,11,6.0,12,15,10,0,3,9,18,1,12,0,3,6,17,0,1,14,,15.0,26,21
2025-08-09,0,0,0,,18,14.0,24,19,3,0,1,7,9,5,3,0,1,7,20,0,4,0,,1.0,5,-1
2025-08-10,2,2,8,,14,10.0,25,27,12,4,1,4,4,20,21,12,13,19,25,0,21,20,,14.0,11,-9
2025-08-11,0,6,23,,35,34.0,46,37,18,7,4,15,17,0,1,1,6,9,17,0,0,0,,0.0,6,9
2025-08-12,1,6,11,,8,22.0,36,41,38,50,36,40,50,41,38,2,4,7,11,0,0,1,,1.0,7,20
2025-08-13,1,0,18,,16,13.0,21,31,9,0,0,3,14,0,5,0,2,5,12,1,2,26,,22.0,19,11
2025-08-14,0,11,16,,10,13.0,23,33,10,11,0,3,16,14,18,1,2,35,35,2,16,0,,0.0,0,7
2025-08-15,2,1,12,,1,0.0,9,5,0,7,1,11,15,8,13,0,2,2,11,7,6,1,,1.0,5,-4
2025-08-16,1,1,5,,3,1.0,12,20,51,41,24,29,35,21,17,0,0,2,9,10,8,0,,1.0,5,0
2025-08-17,0,0,13,,3,1.0,11,16,4,4,0,2,8,3,1,0,2,4,20,1,15,4,,1.0,5,7
2025-08-18,0,3,12,,4,0.0,6,0,5,2,1,11,15,7,16,0,2,7,38,7,10,1,,1.0,8,3
2025-08-19,4,3,11,,16,18.0,30,31,13,5,1,6,18,0,5,0,11,9,34,0,2,8,,16.0,21,9
2025-08-20,0,0,67,,93,92.0,106,98,80,75,60,67,67,49,46,6,7,13,8,1,2,1,,25.0,23,11
2025-08-21,1,5,19,,3,1.0,12,23,17,6,0,5,3,0,0,0,1,6,15,18,31,23,,33.0,29,2
2025-08-22,1,2,8,,2,3.0,15,8,1,1,1,11,15,3,4,0,2,41,49,10,11,51,,54.0,59,50
2025-08-23,1,7,27,,17,17.0,29,25,5,3,1,7,10,0,5,0,2,6,12,0,2,0,,2.0,14,12
2025-08-24,0,7,12,,6,0.0,8,12,7,11,1,4,25,8,3,0,2,7,18,0,4,0,,28.0,29,11
2025-08-25,0,7,8,,3,3.0,13,27,30,16,18,24,54,27,23,0,2,2,27,0,6,2,,1.0,2,-9
2025-08-26,0,19,11,,46,45.0,56,57,55,56,41,48,53,49,50,18,18,20,36,0,5,2,,4.0,2,1
2025-08-27,36,38,49,,51,52.0,62,66,50,45,26,28,35,27,29,0,1,9,14,0,5,0,,0.0,1,28
2025-08-28,3,10,16,,2,47.0,59,59,45,32,10,17,20,3,12,6,6,13,41,8,13,0,,6.0,5,20
2025-08-29,1,3,0,,8,4.0,22,29,24,10,0,9,16,3,8,0,2,7,18,1,0,6,,0.0,9,5
2025-08-30,1,1,1,,2,0.0,11,12,1,4,1,5,21,3,8,1,2,12,16,0,2,1,,1.0,12,11
2025-08-31,1,33,55,,54,61.0,75,61,41,38,13,21,37,14,20,2,10,21,28,0,11,0,,0.0,5,-5
2025-09-01,2,9,23,,17,17.0,34,33,14,7,0,5,10,0,1,0,2,18,35,0,10,3,,11.0,21,15
2025-09-02,0,0,9,,1,0.0,10,8,15,11,5,12,25,17,17,0,2,21,43,10,12,0,,0.0,7,9
2025-09-03,0,21,54,,58,54.0,59,50,44,49,25,42,56,33,34,2,4,16,20,0,5,1,,10.0,22,10
2025-09-04,0,11,9,,17,19.0,29,31,13,9,1,2,15,6,4,0,2,3,12,1,2,0,,3.0,11,-3
2025-09-05,1,1,4,,1,1.0,11,12,9,8,1,4,24,12,13,0,7,11,28,3,4,1,,8.0,22,-3
2025-09-06,0,25,19,,0,0.0,7,5,1,9,0,5,11,2,15,0,2,13,19,0,0,0,,0.0,18,7
2025-09-07,0,1,7,,7,5.0,14,9,4,1,1,4,21,17,16,0,2,5,9,0,3,1,,2.0,13,8
2025-09-08,2,3,14,,3,11.0,26,25,5,26,17,29,39,26,24,1,3,8,28,0,6,0,,0.0,17,6
2025-09-09,2,14,20,,27,26.0,38,38,21,47,41,87,105,93,100,77,76,83,105,64,71,52,,48.0,52,57
2025-09-10,2,71,91,,114,112.0,114,112,109,111,93,99,102,78,83,47,51,60,88,55,67,59,,65.0,74,55
2025-09-11,2,24,17,,5,0.0,17,20,9,1,9,13,24,0,1,0,11,20,24,13,15,2,,2.0,19,3
2025-09-12,1,37,60,,54,51.0,58,52,49,45,37,39,53,31,27,0,4,6,32,2,4,15,,6.0,2,8
2025-09-13,0,5,12,,14,10.0,18,29,17,9,1,3,14,5,4,0,2,10,26,0,2,55,,67.0,74,73
2025-09-14,0,0,5,,9,10.0,15,35,32,24,6,7,12,0,1,0,4,3,14,0,3,27,,30.0,33,13
2025-09-15,1,11,11,,10,8.0,23,26,20,17,1,8,26,22,15,0,9,9,7,0,2,48,,45.0,44,11
2025-09-16,2,13,16,,17,12.0,22,15,8,0,0,7,11,1,3,0,3,13,28,15,19,1,,1.0,0,6
2025-09-17,0,1,8,,4,1.0,12,8,7,7,6,7,16,0,2,1,5,5,24,0,6,5,,7.0,1,-11
2025-09-18,3,7,20,,30,31.0,43,41,34,23,6,10,18,3,0,0,3,16,24,4,6,7,,13.0,12,8
2025-09-19,1,2,20,,24,28.0,35,39,41,43,21,24,34,13,10,0,3,2,24,0,5,0,,0.0,1,-22
2025-09-20,1,4,15,,25,27.0,39,31,19,4,1,3,8,2,1,0,1,8,29,0,6,0,,4.0,2,-5
2025-09-21,0,0,23,,21,23.0,29,29,22,11,0,3,7,3,10,0,4,25,28,20,23,3,,1.0,0,14
2025-09-22,1,0,29,,34,39.0,49,49,81,75,62,66,64,55,48,16,23,53,84,58,70,68,,66.0,66,60
2025-09-23,1,0,6,,14,12.0,22,19,22,18,1,5,4,0,5,9,14,35,46,14,17,1,,11.0,11,9
2025-09-24,1,0,1,,1,1.0,3,8,7,7,1,1,2,0,1,0,2,15,19,0,2,40,,36.0,35,13
2025-09-25,0,20,17,,12,13.0,21,18,5,3,0,10,18,8,8,0,1,13,23,1,10,2,,19.0,22,-5
2025-09-26,1,10,12,,14,20.0,31,30,20,10,0,19,26,0,2,0,19,39,63,20,24,6,,4.0,6,-5
2025-09-27,2,2,2,,1,1.0,13,13,0,0,0,7,11,6,1,0,13,36,41,0,12,0,,1.0,4,-7
2025-09-28,1,4,44,,41,44.0,50,49,26,20,2,21,20,2,4,1,9,25,38,0,11,1,,12.0,12,-5
2025-09-29,1,6,4,,6,10.0,19,20,8,3,1,9,7,2,1,0,17,41,63,49,50,111,,100.0,138,128
2025-09-30,1,12,210,,207,209.0,224,211,213,207,187,195,193,168,163,173,185,202,216,205,208,262,,265.0,276,263
2025-10-01,0,31,24,,24,24.0,59,60,41,30,14,22,23,8,4,0,8,26,43,41,44,136,,137.0,132,135
2025-10-02,1,15,14,,8,10.0,22,10,31,12,1,6,6,1,1,0,2,23,31,18,17,0,,7.0,8,0
2025-10-03,1,1,1,,10,8.0,14,17,14,3,1,7,9,1,1,1,0,6,2,1,8,0,,4.0,7,-1
2025-10-04,0,14,8,,0,0.0,4,3,0,2,1,57,160,248,254,243,247,244,237,199,203,472,,493.0,488,502
2025-10-05,1,0,2,,14,17.0,36,36,18,9,0,7,22,43,42,14,16,14,17,0,7,1,,17.0,19,14
2025-10-06,1,5,35,,33,34.0,40,42,54,45,38,45,77,89,110,88,94,94,106,77,81,90,,92.0,92,108
2025-10-07,0,20,22,,17,17.0,32,25,20,4,4,9,19,32,34,0,4,13,15,0,2,8,,11.0,13,82
2025-10-08,0,27,64,,82,85.0,90,84,65,54,38,60,112,157,159,146,149,162,184,182,181,197,,210.0,214,251
2025-10-09,0,1,26,,21,23.0,40,38,27,28,2,8,19,41,39,38,40,44,60,90,95,129,,126.0,140,137
2025-10-10,168,164,200,,188,186.0,188,181,213,205,181,189,236,237,232,207,239,240,247,205,207,201,,243.0,247,245
2025-10-11,1,11,16,,18,19.0,23,19,16,11,0,10,42,29,29,19,29,28,45,9,13,1,,2.0,1,3
2025-10-12,5,14,65,,65,68.0,75,79,80,70,57,78,85,90,87,48,53,57,71,57,62,49,,46.0,51,53
2025-10-13,1,1,17,,10,6.0,9,14,7,6,0,11,16,7,6,0,2,2,18,0,7,10,,24.0,48,99
2025-10-14,1,0,1,,14,12.0,21,28,20,15,12,18,21,29,28,1,3,8,23,0,2,4,,4.0,3,24
2025-10-15,1,1,29,,17,15.0,25,20,13,1,1,8,36,28,23,0,2,6,16,11,16,8,,18.0,13,16
2025-10-16,9,14,40,,46,43.0,49,54,40,31,16,26,29,31,32,7,14,33,58,58,64,38,,39.0,46,37
2025-10-17,1,2,14,,21,21.0,24,22,10,0,1,8,12,10,12,1,4,17,44,65,70,61,,66.0,58,38
2025-10-18,0,0,27,,42,38.0,39,44,34,19,5,12,14,1,7,0,9,22,38,19,28,15,,25.0,24,26
2025-10-19,0,1,33,,25,28.0,40,41,28,16,1,9,9,0,5,0,3,16,32,12,16,0,,5.0,2,-2
2025-10-20,1,4,6,,5,5.0,15,28,9,0,1,8,8,0,0,0,1,16,44,35,44,75,,79.0,73,66
2025-10-21,1,2,39,,30,30.0,43,42,35,20,25,28,34,15,14,0,2,12,23,14,20,7,,15.0,21,11
2025-10-22,0,5,7,,16,11.0,14,5,0,0,1,7,12,4,4,0,0,12,33,49,59,127,,129.0,119,111
2025-10-23,0,0,3,,2,0.0,7,5,0,1,4,10,15,16,11,1,2,18,47,122,131,116,,134.0,135,109
2025-10-24,0,13,18,,13,8.0,13,9,24,13,3,6,4,0,0,1,2,16,30,59,64,76,,74.0,64,66
2025-10-25,2,6,10,,22,21.0,42,42,24,9,1,3,6,0,1,1,1,20,38,69,73,84,,92.0,108,79
2025-10-26,0,4,3,,10,5.0,9,24,7,0,0,3,17,9,4,0,3,18,29,34,34,3,,5.0,1,12
2025-10-27,0,8,20,,15,15.0,44,49,28,7,2,9,13,4,10,0,5,29,58,87,102,108,,114.0,139,127
2025-10-28,0,12,12,,10,6.0,26,35,14,0,0,10,16,3,12,2,3,17,34,48,50,28,,27.0,28,12
2025-10-29,0,1,2,,38,32.0,36,63,49,43,28,32,37,18,19,0,5,17,29,19,24,44,,98.0,105,97
2025-10-30,2,2,17,,118,117.0,125,121,97,90,75,87,92,73,69,35,37,54,110,82,85,155,,177.0,169,149
2025-10-31,0,6,14,,21,29.0,36,39,17,2,3,9,23,7,8,0,3,37,51,6,8,23,,37.0,34,20
2025-11-01,0,0,1,,11,6.0,15,28,10,3,0,5,6,0,0,0,3,22,24,0,2,1,,0.0,3,31
2025-11-02,0,1,11,,1,0.0,14,27,2,8,5,11,12,1,3,0,9,29,50,17,18,0,,3.0,8,22
2025-11-03,0,0,8,,4,4.0,8,23,22,14,6,13,23,19,17,0,8,22,22,6,14,110,,140.0,138,135
2025-11-04,7,15,32,,23,19.0,25,30,10,0,2,7,16,3,0,0,3,15,22,0,3,7,,10.0,10,15
2025-11-05,5,60,134,,129,131.0,139,139,121,122,115,125,129,124,125,162,142,148,161,129,139,156,,212.0,214,232
2025-11-06,1,1,9,,1,10.0,25,39,23,15,9,15,19,11,7,0,4,9,20,0,3,1,,2.0,0,-5
2025-11-07,0,6,14,,12,10.0,19,21,12,6,1,13,26,12,9,0,0,7,15,37,42,30,,31.0,23,11
2025-11-08,0,0,1,,4,2.0,13,26,6,0,0,4,5,0,5,0,2,7,23,8,11,8,,16.0,20,13
2025-11-09,0,1,78,,72,73.0,85,90,90,85,74,86,94,116,116,89,100,113,124,117,123,137,,145.0,143,110
2025-11-10,0,1,13,,0,0.0,5,16,6,0,0,8,12,0,0,0,2,13,19,9,27,4,,9.0,16,18
2025-11-11,0,2,4,,5,12.0,25,26,11,3,1,8,19,20,15,0,2,20,23,1,3,0,,0.0,7,13
2025-11-12,0,6,10,,0,7.0,12,13,0,0,0,8,16,0,5,0,34,37,44,26,28,62,,65.0,70,67
2025-11-13,0,0,0,,10,6.0,18,26,13,0,2,24,30,18,14,0,1,10,18,9,12,4,,23.0,38,32
2025-11-14,0,0,0,,3,11.0,38,55,33,28,18,32,44,33,31,10,13,23,27,9,12,11,,15.0,21,1
2025-11-15,0,4,11,,32,28.0,43,43,29,15,6,14,20,1,1,1,4,24,25,31,35,57,,76.0,90,82
2025-11-16,0,6,31,,55,52.0,60,74,50,33,23,28,37,17,10,0,11,28,43,29,36,16,,29.0,39,28
2025-11-17,0,1,35,,30,29.0,41,42,37,21,8,20,23,5,0,0,10,29,33,0,4,8,,23.0,31,3
2025-11-18,10,6,29,,68,67.0,83,89,63,50,40,52,61,49,44,20,50,66,61,65,68,47,,45.0,47,48
2025-11-19,1,1,2,,1,0.0,9,17,13,11,9,30,37,10,2,3,12,29,28,4,9,16,,20.0,14,11
2025-11-20,0,0,24,,35,33.0,36,51,23,13,1,14,20,13,11,0,9,31,45,9,13,4,,12.0,13,8
2025-11-21,0,0,5,,0,11.0,14,32,15,5,0,17,23,5,0,0,9,19,30,4,8,25,,31.0,25,47
2025-11-22,3,0,17,,31,36.0,39,46,18,8,1,10,16,1,0,0,6,28,35,8,11,0,,0.0,0,9
2025-11-23,1,1,40,,44,40.0,47,59,31,24,13,23,44,30,26,0,17,34,35,6,7,3,,1.0,2,-1
2025-11-24,5,9,23,,43,40.0,49,56,49,43,64,81,95,74,69,37,50,73,95,76,78,63,,69.0,74,67
2025-11-25,0,0,7,,13,12.0,17,22,23,15,8,19,23,2,2,0,5,13,10,0,8,1,,4.0,3,12
2025-11-26,1,17,37,,42,40.0,46,53,34,21,16,31,39,17,15,0,4,7,9,21,25,29,,31.0,32,42
2025-11-27,0,11,28,,52,47.0,62,67,50,37,25,34,43,26,28,5,19,21,23,27,29,10,,0.0,2,9
2025-11-28,68,69,81,,108,103.0,109,111,95,86,75,89,97,88,106,118,122,124,114,108,109,93,,89.0,88,60
2025-11-29,11,13,17,,32,33.0,42,42,21,6,0,16,19,17,32,9,14,18,19,19,24,0,,1.0,5,7
2025-11-30,0,2,15,,14,9.0,14,29,14,5,0,14,16,6,8,0,5,21,24,11,19,5,,14.0,14,5
2025-12-01,57,58,90,,109,107.0,113,110,109,97,82,94,107,91,115,80,88,96,108,90,92,81,,93.0,86,62
2025-12-02,0,0,8,,7,3.0,6,28,21,12,1,17,17,20,19,0,8,9,17,6,8,0,,8.0,11,15
2025-12-03,0,1,12,,15,9.0,19,36,59,52,41,51,57,49,61,25,45,60,68,42,45,37,,47.0,42,10
2025-12-04,0,6,17,,17,14.0,22,35,21,29,17,30,35,31,42,12,19,40,40,45,57,31,,30.0,23,2
2025-12-05,1,1,11,,26,22.0,35,39,29,25,9,19,45,40,41,5,16,26,30,15,18,0,,1.0,0,-14
2025-12-06,0,0,16,,31,39.0,50,52,33,22,12,24,31,23,27,59,63,66,65,56,59,38,,37.0,26,17
2025-12-07,1,1,5,,26,23.0,41,39,25,10,3,10,40,45,43,14,21,44,67,85,94,64,,60.0,50,29
2025-12-08,0,14,25,,28,27.0,39,36,15,0,0,13,21,15,15,0,15,30,25,7,10,14,,22.0,10,4
2025-12-09,1,1,13,,25,30.0,45,50,42,30,17,33,44,31,31,5,28,50,54,33,35,22,,18.0,24,82
2025-12-10,4,0,21,,54,68.0,85,98,82,76,66,79,93,143,156,123,136,152,157,123,122,121,,139.0,150,102
2025-12-11,1,1,0,,26,19.0,45,47,34,31,20,33,38,25,28,1,9,17,18,1,2,1,,0.0,8,83
2025-12-12,1,29,26,,36,38.0,51,57,43,37,24,37,43,31,40,17,31,49,62,42,44,39,,108.0,144,257
2025-12-13,0,11,4,,2,17.0,47,46,58,49,44,52,56,47,45,13,19,24,23,0,2,4,,26.0,80,368
2025-12-14,0,5,7,,55,51.0,75,72,58,43,33,55,74,80,78,59,85,100,112,85,89,70,,80.0,149,292
2025-12-15,1,9,16,,18,12.0,25,39,29,16,5,21,30,20,22,0,8,33,53,13,15,0,,1.0,15,10
2025-12-16,0,31,32,,26,22.0,49,57,48,38,31,44,56,37,38,7,16,44,68,41,44,71,,111.0,159,279
2025-12-17,1,8,33,,56,58.0,68,61,48,46,42,53,63,48,77,48,56,82,91,67,70,60,,68.0,67,248
2025-12-18,2,1,4,,14,12.0,21,25,25,15,3,18,22,19,21,1,18,40,63,59,66,51,,83.0,181,405
2025-12-19,0,31,10,,9,14.0,309,569,558,559,573,590,590,568,581,570,582,587,590,565,570,554,,605.0,605,629
2025-12-20,2,1,4,,5,7.0,30,70,56,44,36,50,52,39,40,16,21,32,42,5,12,3,,17.0,103,444
2025-12-21,0,5,42,,50,47.0,61,84,75,80,71,85,89,70,67,38,48,57,75,102,113,134,,224.0,319,617
2025-12-22,1,12,14,,27,24.0,33,44,34,31,19,45,49,36,54,24,42,56,65,31,33,48,,189.0,293,586
2025-12-23,1,13,23,,17,19.0,28,52,43,32,23,45,45,44,52,38,44,47,39,19,25,25,,147.0,280,385
2025-12-24,8,14,33,,36,31.0,44,72,51,43,32,60,60,38,36,0,4,4,0,0,7,1,,160.0,212,495
2025-12-25,0,0,23,,40,39.0,68,92,103,100,98,114,116,121,117,124,126,128,120,96,99,105,,295.0,308,696
2025-12-26,1,34,81,,100,104.0,131,154,148,140,130,146,150,135,137,125,127,147,169,127,126,114,,244.0,294,673
2025-12-27,4,8,15,,22,24.0,49,74,70,66,68,84,91,74,89,83,96,107,124,104,113,107,,177.0,214,365
2025-12-28,0,0,16,,16,12.0,34,62,45,40,31,56,68,49,44,19,31,44,48,27,30,12,,40.0,109,330
2025-12-29,1,35,62,,76,72.0,81,98,84,81,73,95,101,135,136,110,121,141,152,126,125,145,,321.0,409,632
2025-12-30,0,1,30,,58,60.0,72,82,74,69,56,72,74,59,61,48,49,72,87,67,88,86,,196.0,300,416
2025-12-31,0,6,24,,36,33.0,47,62,55,51,42,61,63,45,45,9,18,32,32,0,4,32,162.0,,253,328
2026-01-01,1,1,21,,6,4.0,25,44,48,61,56,55,53,33,34,0,12,13,5,9,7,0,6.0,,9,219
2026-01-02,2,4,13,,5,19.0,31,44,37,42,54,79,91,109,109,99,111,114,126,113,112,99,133.0,,189,248
2026-01-03,5,10,30,,44,50.0,75,90,73,84,87,92,98,85,105,85,95,114,121,96,95,99,137.0,,148,154
2026-01-04,3,11,84,,121,196.0,219,231,239,259,263,262,276,263,263,255,282,276,278,277,277,269,308.0,,397,460
2026-01-05,9,25,41,,40,39.0,53,66,56,62,58,63,71,55,56,41,70,67,79,61,66,73,100.0,,120,134
2026-01-06,1,20,69,,92,92.0,102,108,100,105,105,106,105,107,130,170,184,178,179,166,165,179,316.0,,383,396
2026-01-07,0,0,16,,12,17.0,28,49,29,41,41,58,62,48,42,14,25,23,36,28,41,29,38.0,,138,248
2026-01-08,1,3,40,,69,73.0,91,99,78,86,79,76,83,87,110,107,114,108,112,110,110,90,101.0,,136,132
2026-01-09,0,4,38,,34,52.0,65,91,76,84,76,72,82,73,77,75,89,87,102,116,120,113,204.0,,198,169
2026-01-10,4,12,20,,21,31.0,45,66,77,82,79,93,92,90,105,83,96,102,105,88,91,77,74.0,,86,68
2026-01-11,0,0,40,,38,44.0,60,75,46,73,91,100,108,108,114,115,124,119,124,105,117,93,85.0,,92,78
2026-01-12,21,21,77,,96,98.0,110,117,113,116,110,107,105,107,113,93,101,97,111,75,81,45,51.0,,50,133
2026-01-13,0,8,30,,51,49.0,66,78,76,83,74,70,74,67,66,51,61,64,86,62,65,57,63.0,,51,229
2026-01-14,49,46,60,,56,56.0,71,94,79,91,82,87,95,88,107,103,114,111,107,89,93,72,58.0,,80,216
2026-01-15,3,1,22,,23,24.0,35,56,43,48,39,39,47,38,31,27,34,36,33,4,9,0,3.0,,73,378
2026-01-16,1,0,6,,10,11.0,24,42,27,24,15,14,12,1,3,0,9,9,33,8,9,4,24.0,,14,226
2026-01-17,1,1,5,,10,12.0,27,50,33,39,54,57,57,33,23,0,8,8,21,1,2,5,2.0,,7,7
2026-01-18,1,9,17,,16,24.0,39,50,37,37,32,37,39,19,14,0,8,13,38,0,4,2,8.0,,1,11
2026-01-19,5,20,42,,47,49.0,60,78,49,56,51,53,57,33,34,3,11,7,13,0,1,0,2.0,,2,25
2026-01-20,1,4,15,,3,9.0,21,32,13,17,16,19,26,0,5,0,8,12,39,9,15,0,1.0,,0,10
2026-01-21,0,0,27,,19,17.0,27,36,17,13,13,18,15,0,0,0,8,4,4,0,0,0,0.0,,0,18
2026-01-22,1,1,9,,28,27.0,52,72,55,53,50,47,49,28,24,0,14,13,23,12,16,0,3.0,,2,-6
2026-01-23,1,0,28,,7,15.0,33,45,16,17,8,19,23,0,9,0,10,10,9,0,0,0,0.0,,0,-6
2026-01-24,18,20,34,,34,36.0,50,64,51,57,52,51,66,58,54,22,32,30,34,4,3,0,2.0,,13,48
2026-01-25,1,7,12,,9,8.0,18,32,15,27,19,13,16,4,1,0,11,9,11,7,6,7,20.0,,20,13
2026-01-26,0,8,22,,12,12.0,26,40,21,23,9,12,68,55,64,39,49,52,46,19,18,1,15.0,,15,27
2026-01-27,11,5,13,,13,14.0,24,36,11,8,1,0,15,1,25,35,50,45,46,14,14,0,0.0,,30,164
2026-01-28,0,10,43,,39,38.0,73,64,37,35,21,23,28,8,10,0,14,12,12,0,1,2,4.0,,10,367
2026-01-29,2,1,19,,29,30.0,46,57,29,24,10,8,11,8,10,0,15,9,13,0,0,7,31.0,,110,409
2026-01-30,9,10,45,,26,26.0,35,59,37,32,26,39,41,18,19,46,61,65,62,47,50,44,94.0,,175,178
2026-01-31,0,1,27,,37,40.0,52,61,47,40,32,33,46,22,22,0,11,5,1,7,7,4,35.0,,39,194
2026-02-01,0,21,30,,30,32.0,56,77,47,58,55,63,74,47,59,28,44,39,40,27,27,2,13.0,,35,212
2026-02-02,1,11,23,,52,52.0,73,84,55,54,44,59,66,52,49,38,72,72,67,43,43,1,24.0,,107,225
2026-02-03,0,2,6,,0,13.0,25,57,32,24,14,17,20,0,1,0,44,36,26,9,7,5,0.0,,18,77
2026-02-04,1,9,22,,17,16.0,27,42,12,7,0,2,23,0,5,0,12,10,19,0,0,11,8.0,,10,22
2026-02-05,0,0,32,,51,53.0,66,80,59,60,52,60,66,38,36,15,27,28,33,13,16,1,3.0,,6,-5
2026-02-06,0,1,64,,71,72.0,88,101,81,78,72,67,76,51,52,20,32,30,37,13,11,0,11.0,,20,22
2026-02-07,0,17,11,,9,14.0,28,47,31,26,21,19,25,5,8,0,13,12,12,6,6,3,31.0,,35,122
2026-02-08,0,21,66,,55,53.0,65,79,55,60,53,54,58,37,34,10,30,28,33,11,16,5,19.0,,37,5
2026-02-09,0,20,43,,44,48.0,65,85,57,55,55,59,60,45,45,31,42,41,39,16,19,3,0.0,,2,-19
2026-02-10,2,1,14,,17,18.0,37,55,29,33,25,26,28,13,15,1,12,4,8,0,0,8,19.0,,21,9
2026-02-11,0,24,48,,42,43.0,50,64,44,40,36,37,40,21,22,0,12,8,16,0,0,1,2.0,,6,10
2026-02-12,6,9,38,,30,30.0,46,65,60,56,53,60,60,42,42,12,24,22,30,16,15,6,8.0,,8,1
2026-02-13,0,14,27,,31,31.0,42,58,43,40,30,39,43,27,25,5,15,4,1,3,5,0,16.0,,17,21
2026-02-14,0,5,18,,19,20.0,31,55,42,43,39,33,38,32,31,31,41,32,35,14,13,3,15.0,,22,-11
2026-02-15,1,24,43,,38,41.0,80,97,68,60,56,53,56,29,42,17,25,20,29,5,8,0,12.0,,12,-1
2026-02-16,2,13,23,,18,18.0,34,58,31,39,34,45,50,35,37,3,13,2,4,1,0,0,,21.0,17,22
2026-02-17,79,86,145,,148,150.0,161,171,146,152,146,147,207,190,189,183,199,189,194,163,162,126,,146.0,151,152
2026-02-18,0,0,8,,29,28.0,36,72,55,56,50,56,63,52,53,31,41,35,43,18,18,4,,7.0,7,2
2026-02-19,1,22,40,,62,60.0,74,89,65,70,68,64,73,61,64,41,62,57,61,40,46,27,,42.0,47,70
2026-02-20,1,2,21,,14,15.0,26,48,23,19,18,19,26,2,36,41,54,48,49,27,31,10,,23.0,24,-11
2026-02-21,0,0,18,,28,30.0,42,66,37,42,38,35,41,46,47,13,40,44,46,26,25,4,,17.0,11,-7
2026-02-22,0,34,57,,85,86.0,99,113,81,80,71,66,68,35,33,13,24,12,17,9,9,1,,17.0,15,14
2026-02-23,6,6,24,,27,27.0,37,58,41,39,34,38,40,18,24,0,13,4,21,0,0,0,,13.0,11,-2
2026-02-24,0,11,4,,8,7.0,24,48,26,19,13,14,26,14,21,0,11,2,11,0,4,6,,19.0,15,7
2026-02-25,0,6,10,,28,30.0,44,66,35,30,26,21,30,36,34,5,20,22,23,1,1,0,,14.0,8,-6
2026-02-26,0,12,5,,11,11.0,30,57,24,29,24,26,31,20,19,7,23,17,34,11,12,0,,30.0,32,3
2026-02-27,1,4,21,,17,19.0,30,49,25,18,11,7,18,0,5,0,24,12,8,2,6,0,,20.0,23,-24
2026-02-28,0,0,8,,22,24.0,34,52,22,21,13,10,18,12,13,0,18,11,27,12,11,9,,29.0,29,-6
2026-03-01,0,6,4,,24,27.0,38,57,24,21,16,13,23,10,10,0,8,19,40,25,27,0,,7.0,1,-2
2026-03-02,0,0,12,,15,18.0,36,51,16,13,8,1,15,11,22,1,16,12,25,13,13,0,,12.0,21,-5
2026-03-03,0,1,3,,30,28.0,39,53,26,18,9,5,13,3,1,0,9,0,6,1,7,0,,0.0,0,-22
2026-03-04,8,7,19,,9,13.0,26,49,25,27,21,16,21,0,2,1,10,4,11,0,0,0,,18.0,16,8
2026-03-05,1,1,0,,3,2.0,21,44,22,17,14,4,9,2,7,1,13,10,16,1,1,4,,16.0,21,7
2026-03-06,8,6,38,50.0,60,64.0,80,95,63,66,64,61,69,51,50,25,34,30,41,23,22,0,,0.0,7,-21
2026-03-07,0,4,19,15.0,13,15.0,26,59,28,21,16,11,13,1,5,0,9,3,4,0,6,5,,10.0,26,1
2026-03-08,0,0,7,3.0,11,12.0,27,42,11,18,7,5,17,7,12,0,17,7,26,9,14,1,,11.0,39,56
2026-03-09,1,2,12,13.0,33,34.0,54,69,56,64,57,50,68,39,41,20,28,19,17,2,1,0,,8.0,53,25
2026-03-10,0,18,12,13.0,35,31.0,38,52,21,19,13,6,8,2,10,0,30,25,23,17,20,0,,20.0,28,-8
2026-03-11,1,0,24,35.0,48,48.0,58,63,47,39,28,22,28,6,9,0,11,3,9,0,0,12,,24.0,28,-3
2026-03-12,2,9,22,32.0,42,45.0,64,83,65,63,65,56,58,110,109,88,99,91,98,87,90,56,,76.0,79,49
2026-03-13,0,1,27,22.0,28,30.0,40,56,35,28,21,17,18,17,24,0,11,9,12,0,1,0,,0.0,6,16
2026-03-14,0,1,119,114.0,106,105.0,116,141,137,144,136,126,128,127,139,138,149,139,143,129,129,107,,112.0,124,82
2026-03-15,1,0,16,11.0,10,11.0,34,55,56,62,53,54,61,48,50,43,55,51,52,31,31,9,,19.0,18,-5
2026-03-16,11,6,7,0.0,7,294.0,313,318,310,326,320,308,307,281,284,295,305,299,297,270,271,241,,291.0,302,292
2026-03-17,0,0,0,0.0,11,17.0,23,48,18,9,3,0,4,0,16,0,14,14,16,27,27,6,,6.0,9,-4
2026-03-18,0,1,23,22.0,14,18.0,28,64,37,36,27,22,23,5,5,0,11,4,8,0,1,0,,10.0,8,16
2026-03-19,0,0,3,6.0,18,22.0,32,53,34,36,30,21,25,12,18,0,11,20,153,134,133,105,,113.0,120,147
2026-03-20,0,10,10,3.0,7,12.0,28,39,11,9,4,8,12,4,9,0,19,18,30,24,25,10,,10.0,13,-2
2026-03-21,0,0,10,9.0,13,16.0,34,52,34,29,16,7,18,13,10,0,27,29,38,16,17,144,,180.0,216,282
